timestamp,pid,rss_MiB
2025-08-11 14:11:33,973452,9
2025-08-11 14:11:34,973452,401
2025-08-11 14:11:35,973452,730
2025-08-11 14:11:36,973452,614
2025-08-11 14:11:37,973452,615
2025-08-11 14:11:38,973452,616
2025-08-11 14:11:39,973452,1299
2025-08-11 14:11:40,973452,2614
2025-08-11 14:11:41,973452,3932
2025-08-11 14:11:42,973452,5274
2025-08-11 14:11:43,973452,6470
2025-08-11 14:11:44,973452,7799
2025-08-11 14:11:45,973452,7074
2025-08-11 14:11:46,973452,7074
2025-08-11 14:11:47,973452,7742
2025-08-11 14:11:48,973452,9160
2025-08-11 14:11:50,973452,4777
2025-08-11 14:11:51,973452,5622
2025-08-11 14:11:52,973452,7835
2025-08-11 14:11:53,973452,9924
2025-08-11 14:11:54,973452,13161
2025-08-11 14:11:55,973452,16884
2025-08-11 14:11:56,973452,20360
2025-08-11 14:11:57,973452,18646
2025-08-11 14:11:58,973452,18221
2025-08-11 14:11:59,973452,15542
2025-08-11 14:12:00,973452,15549
2025-08-11 14:12:01,973452,15549
2025-08-11 14:12:02,973452,15549
2025-08-11 14:12:03,973452,15549
2025-08-11 14:12:04,973452,15549
2025-08-11 14:12:05,973452,15549
2025-08-11 14:12:06,973452,15549
2025-08-11 14:12:07,973452,15549
2025-08-11 14:12:08,973452,15549
2025-08-11 14:12:09,973452,15549
2025-08-11 14:12:10,973452,15549
2025-08-11 14:12:11,973452,15549
2025-08-11 14:12:12,973452,15549
2025-08-11 14:12:13,973452,15549
2025-08-11 14:12:14,973452,15549
2025-08-11 14:12:15,973452,15549
2025-08-11 14:12:16,973452,15549
2025-08-11 14:12:17,973452,15549
2025-08-11 14:12:18,973452,15549
2025-08-11 14:12:19,973452,15549
2025-08-11 14:12:20,973452,15549
2025-08-11 14:12:21,973452,15549
2025-08-11 14:12:22,973452,15549
2025-08-11 14:12:23,973452,15549
2025-08-11 14:12:24,973452,15549
2025-08-11 14:12:25,973452,15549
2025-08-11 14:12:26,973452,15549
2025-08-11 14:12:27,973452,15549
2025-08-11 14:12:28,973452,15549
2025-08-11 14:12:29,973452,15549
2025-08-11 14:12:30,973452,15549
2025-08-11 14:12:31,973452,15549
2025-08-11 14:12:32,973452,15549
2025-08-11 14:12:33,973452,15549
2025-08-11 14:12:34,973452,15549
2025-08-11 14:12:35,973452,15549
2025-08-11 14:12:36,973452,15549
2025-08-11 14:12:37,973452,15549
2025-08-11 14:12:38,973452,15549
2025-08-11 14:12:39,973452,15549
2025-08-11 14:12:40,973452,15549
2025-08-11 14:12:41,973452,15549
2025-08-11 14:12:42,973452,15549
2025-08-11 14:12:43,973452,15549
2025-08-11 14:12:44,973452,15549
2025-08-11 14:12:45,973452,15549
2025-08-11 14:12:46,973452,15549
2025-08-11 14:12:47,973452,15549
2025-08-11 14:12:48,973452,15549
2025-08-11 14:12:49,973452,15549
2025-08-11 14:12:50,973452,15549
2025-08-11 14:12:51,973452,15549
2025-08-11 14:12:52,973452,15549
2025-08-11 14:12:53,973452,15549
2025-08-11 14:12:54,973452,15549
2025-08-11 14:12:55,973452,15549
2025-08-11 14:12:56,973452,15549
2025-08-11 14:12:57,973452,15549
2025-08-11 14:12:58,973452,15549
2025-08-11 14:12:59,973452,15549
2025-08-11 14:13:00,973452,15549
2025-08-11 14:13:01,973452,15549
2025-08-11 14:13:02,973452,15549
2025-08-11 14:13:03,973452,15549
2025-08-11 14:13:04,973452,15549
2025-08-11 14:13:05,973452,15549
2025-08-11 14:13:06,973452,15549
2025-08-11 14:13:07,973452,15549
2025-08-11 14:13:08,973452,15549
2025-08-11 14:13:09,973452,15549
2025-08-11 14:13:10,973452,15549
2025-08-11 14:13:11,973452,15549
2025-08-11 14:13:12,973452,15549
2025-08-11 14:13:13,973452,15549
2025-08-11 14:13:14,973452,15549
2025-08-11 14:13:15,973452,15549
2025-08-11 14:13:16,973452,15549
2025-08-11 14:13:17,973452,15549
2025-08-11 14:13:18,973452,15549
2025-08-11 14:13:19,973452,15549
2025-08-11 14:13:20,973452,15549
2025-08-11 14:13:21,973452,15549
2025-08-11 14:13:22,973452,15549
